{
  "data_shape": [
    50000,
    21
  ],
  "missing_values": 0,
  "target_distribution": {
    "0": 31180,
    "1": 18820
  },
  "data_types": {
    "flight_date": "object",
    "scheduled_dep_time": "float64",
    "scheduled_arr_time": "float64",
    "distance": "float64",
    "weather_delay": "float64",
    "security_delay": "float64",
    "airline_delay": "float64",
    "late_aircraft_delay": "float64",
    "is_delayed": "int64",
    "delay_minutes": "float64",
    "dep_hour": "float64",
    "dep_minute": "float64",
    "is_weekend": "float64",
    "month": "float64",
    "day_of_week": "float64",
    "is_long_distance": "float64",
    "total_delay": "float64",
    "airline_encoded": "float64",
    "origin_encoded": "float64",
    "dest_encoded": "float64",
    "time_of_day_encoded": "float64"
  },
  "numeric_stats": {
    "scheduled_dep_time": {
      "count": 50000.0,
      "mean": 5.854872142663226e-17,
      "std": 1.0000100001500027,
      "min": -1.7382164478639788,
      "25%": -0.8649221803953705,
      "50%": 0.0011428298922062,
      "75%": 0.8672078401797829,
      "max": 1.730381147594947
    },
    "scheduled_arr_time": {
      "count": 50000.0,
      "mean": -1.361399881716352e-16,
      "std": 1.0000100001500025,
      "min": -1.7361929921018022,
      "25%": -0.8670333925826056,
      "50%": -0.0050927266142327,
      "75%": 0.8712858064557878,
      "max": 1.7274513255835016
    },
    "distance": {
      "count": 50000.0,
      "mean": 1.007549599307822e-16,
      "std": 1.0000100001500025,
      "min": -1.7370219686898276,
      "25%": -0.8637897376916732,
      "50%": -0.0017209869193474,
      "75%": 0.861588150544737,
      "max": 1.7348203815428915
    },
    "weather_delay": {
      "count": 50000.0,
      "mean": -8.313350008393172e-18,
      "std": 1.0000100001500025,
      "min": -0.9964058589113572,
      "25%": -0.7098266685987459,
      "50%": -0.30984999176419165,
      "75%": 0.3745018968745517,
      "max": 9.65036369714077
    },
    "security_delay": {
      "count": 50000.0,
      "mean": 2.2595258997171187e-17,
      "std": 1.0000100001500025,
      "min": -1.0014320290025691,
      "25%": -0.7130090187164217,
      "50%": -0.3049449132349202,
      "75%": 0.3912518465682636,
      "max": 8.530807393019328
    },
    "airline_delay": {
      "count": 50000.0,
      "mean": 1.3073986337985844e-17,
      "std": 1.0000100001500025,
      "min": -1.0002208541626356,
      "25%": -0.7135835219207645,
      "50%": -0.30899267010661896,
      "75%": 0.38567943177117714,
      "max": 11.164130168689212
    },
    "late_aircraft_delay": {
      "count": 50000.0,
      "mean": -2.2303936475509546e-16,
      "std": 1.0000100001500025,
      "min": -1.0012120870077452,
      "25%": -0.7114358558908891,
      "50%": -0.3057148796842081,
      "75%": 0.3879230738114999,
      "max": 10.075163125209784
    },
    "is_delayed": {
      "count": 50000.0,
      "mean": 0.3764,
      "std": 0.48448708399160767,
      "min": 0.0,
      "25%": 0.0,
      "50%": 0.0,
      "75%": 1.0,
      "max": 1.0
    },
    "delay_minutes": {
      "count": 50000.0,
      "mean": 14.033523900259533,
      "std": 7.415879257564899,
      "min": 0.6145000310515787,
      "25%": 8.660956413065112,
      "50%": 12.665810577285072,
      "75%": 17.972841216561118,
      "max": 65.16890610016678
    },
    "dep_hour": {
      "count": 50000.0,
      "mean": 5.783817869087215e-17,
      "std": 1.0000100001500025,
      "min": -1.6676085437304518,
      "25%": -0.7996742003698074,
      "50%": 0.0682601429908368,
      "75%": 0.9361944863514812,
      "max": 1.659473105818685
    },
    "dep_minute": {
      "count": 50000.0,
      "mean": 6.458833468059311e-17,
      "std": 1.0000100001500025,
      "min": -1.713925894206526,
      "25%": -0.881208553378157,
      "50%": -0.0137946566819392,
      "75%": 0.8536192400142786,
      "max": 1.7210331367104963
    },
    "is_weekend": {
      "count": 50000.0,
      "mean": 3.140598892059643e-17,
      "std": 1.0000100001500023,
      "min": -0.6322784480229153,
      "25%": -0.6322784480229153,
      "50%": -0.6322784480229153,
      "75%": 1.581581664102138,
      "max": 1.581581664102138
    },
    "month": {
      "count": 50000.0,
      "mean": 1.1596057447604836e-16,
      "std": 1.0000100001500025,
      "min": -1.56387380770907,
      "25%": -0.9742133770755222,
      "50%": -0.0897227311252005,
      "75%": 0.7947679148251212,
      "max": 1.6792585607754429
    },
    "day_of_week": {
      "count": 50000.0,
      "mean": 5.684341886080802e-19,
      "std": 1.0000100001500025,
      "min": -1.4987708928453982,
      "25%": -0.9989406767265284,
      "50%": 0.0007197555112112,
      "75%": 1.0003801877489509,
      "max": 1.5002104038678206
    },
    "is_long_distance": {
      "count": 50000.0,
      "mean": -1.0317080523236655e-16,
      "std": 1.0000100001500023,
      "min": -0.5768883889003437,
      "25%": -0.5768883889003437,
      "50%": -0.5768883889003437,
      "75%": -0.5768883889003437,
      "max": 1.7334375578371155
    },
    "total_delay": {
      "count": 50000.0,
      "mean": 5.968558980384842e-18,
      "std": 1.0000100001500025,
      "min": -1.809516794353241,
      "25%": -0.724475281632263,
      "50%": -0.1844322099658835,
      "75%": 0.5312056161172178,
      "max": 6.895459295569872
    },
    "airline_encoded": {
      "count": 50000.0,
      "mean": 6.114220241215662e-17,
      "std": 1.0000100001500025,
      "min": -1.4238478538925572,
      "25%": -0.7162684643977766,
      "50%": -0.0086890749029959,
      "75%": 0.6988903145917847,
      "max": 1.4064697040865657
    },
    "origin_encoded": {
      "count": 50000.0,
      "mean": 4.163780431554187e-17,
      "std": 1.0000100001500025,
      "min": -1.522900116886607,
      "25%": -1.0868988466206353,
      "50%": -0.2148963060886921,
      "75%": 0.6571062344432512,
      "max": 1.5291087749751946
    },
    "dest_encoded": {
      "count": 50000.0,
      "mean": -1.2477130439947359e-16,
      "std": 1.0000100001500025,
      "min": -1.529794873132328,
      "25%": -1.093162226574674,
      "50%": -0.2198969334593657,
      "75%": 1.0900010062135963,
      "max": 1.5266336527712503
    },
    "time_of_day_encoded": {
      "count": 50000.0,
      "mean": 3.069544618483633e-17,
      "std": 1.0000100001500025,
      "min": -1.2261940609301487,
      "25%": -1.2261940609301487,
      "50%": 0.1166237246802643,
      "75%": 0.7880326174854708,
      "max": 1.4594415102906777
    }
  }
}