{
    "accuracy": 0.9972,
    "precision": 0.9994652406417113,
    "recall": 0.9930924548352816,
    "f1": 0.996268656716418,
    "roc_auc": 0.999979848590918
}